Name,Sex,Country,Disambiguation,Instagram
Abderrahmen Dellaoui,,,,abdou.dz
Adrien Poujouly,,,,adrien_nutrinsport
Agata Będkowska,,,,_agatadiana_
Agathe Casanova,,,,agath___e
Aghiles Hamiti,,,,aghilesfitness
Aleksandra Siemińska,,,,aleexis_66
Ali Shaaben,,,,alishaaben_sw
Alix Davy,,,,alix_opt
Anaïs Lozano Rojas,,,,anais.rojas
André Alves Martins,,,,andre_streetlifting
Angelica Alfano,,,,angiealfano29
Anna Malinowska,,,,buldiii
Anna Zięba,,,,ancy_moonek
Artur Górecki,,,,ahturro
Aubin Chevillard,,,,obin.cd
Axelle Ditacroute,,,,axelle_dtcrt
Badreddine van der Stoel,,,,badr_vds
Bakary Fofana,,,,baxwell_el_trancheur
Bartlomiej Orchowski,,,,bartlomiejorchowski
Bartosz Napierała,,,,b_a_n__5
Bartłomiej Krzemiński,,,,bartek1346653
Becaye Sane,,,,benji__sw
Benjamín Ibáñez,,,,benjhard.1
Charlie Cameron,,,,charliecamss_
Christina Fröhlich,,,,froehliche.chrissi
Claire Potiez Forest,,,,claire_podiatrist
Cyril Brau,,,,cyrillucciu
Damian Gruszczyński,,,,d.grucha
Damien Thenaisy,,,,drama_wkt
Danae Morgan,,,,queenofgainz
Daniel Szysz,,,,nasri_szysz
Daniël Wassenaar,,,,danielwassenaar
Dawid Korcz,,,,korczu._
Dawid Subda,,,,dawidsubda
Diego Alexander Leon Delgado,,,,diegoleon24
Diksha Kapoor,,,,kapoordiksha23
Domenico Nicolosi,,,,_sir_nico
Dorota Gadzińska,,,,doriss_ninja
Dylan Gaveriaux,,,,dylan_gaveriaux
Dylan Heurteux,,,,baki_hd
Dylan Pion,,,,dylan.pion
Elder Paredes,,,,elderwalls
Enzo Chartier,,,,sayian_vegetal
Etienne Sahel,,,,etiennesahel
Eva-Sophie Mörschel,,,,ewasophisky
Faye Butler,,,,fayealexandrabutler
Florence Wong,,,,sweatyflo
Florent Geschlecht,,,,flo_sl_
Florian Marrec,,,,flomarrec
Fodil Bouchareb,,,,kaawabunga
François Li,,,,franzy_sl
Frida Austigard Petersen,,,,bicepsmami
Hakim Azahar,,,,hakim.azahar
Henrique Nascimento,,,,henrimnascimento
Hubert Chwałek,,,,hubi_sw
Hubert Zakrzewski,,,,hubxiak
Ignacy Panz,,,,bigback_bigdreams_sw
Ilia Mavlanov,,,,themavlan
Inès Marius,,,,ines.m_liftsomeweights
Jakub Bulak,,,,bulaczeq_sw
Jakub Chlipała,,,,jakub_chlipala
Jakub Racewicz,,,,racektoziomal
Jan Bałut,,,,jan_balut
Jesús Toscano Gómez,,,,jesustoscano__
Johan Sanon,,,,jojo_bizarre_athlete
Joshua Tay,,,,joshua_spade
José D'Almeida,,,,badmax_sl
Jovan Mastilovic,,,,_theoutlaw
Julia Gejdel,,,,juliagejdel
Julia Lis,,,,julka_workout
Julie Brion,,,,workoutbyjulie
Julien Capdeville,,,,_yohra_
Julien Le Niou,,,,julien_lenion
Justin Hebert,,,,venom.sw
Justyna Panas,,,,fromwithin.love
Kaja Soboń,,,,kaja_sbn
Kamila Liauchuk,,,,levkamila
Karol Petrażycki,,,,karol_petrazycki
Karol Siemieniuk,,,,siemien1
Karol Wojciechowski,,,,wojciechowskisw
Katarzyna Najman,,,,2old2train
Katrena Goh Jia Min,,,,muscleupgiraffe
Kevin Gogo,,,,captaingatlin
Konrad Polak,,,,konradpolaksl
Konrad Trzeszczkowski,,,,trzeszczkowski.konrad
Leonardo Giliberto,,,,leonardo.giliberto
Lionel Da Silva,,,,lionel_kenpachi
Lorenzo Mazzi,,,,lorenzo_mazzi_coach
Lucas Brancourt,,,,lucasbrancourt
Lucian Stanut,,,,iamluci_v
Ludivine Compain,,,,ludi.c
Ludovic Adigery,,,,ludo_adamantium
Lylia Ammour,,,,ammmourrr
Lynn Narings,,,,_lifestylynn_
Marc Altarriba Coronado,,,,marcaltarriba06
Marc Nassif,,,,marcnassif_
Marc Yeurc'h,,,,yeurchmarc
Marcin Gurzyński,,,,marcin_22
Margaux Sanchez,,,,margaux_snchz
Maria Konarzewska,,,,silnamarysia
Maroun Bou Sleiman,,,,marounb.sl
Martha Lubczynskyj,,,,marthalubfit
Mateusz Brzostek,,,,klvnd
Mateusz Kowalczyk,,,,mkowalczyk_official
Mateusz Koślak,,,,balbistreetlifting
Mateusz Zabost,,,,zabost_workout
Mathew Zlat,,,,mathewzlat
Matthias Gisselbrecht,,,,matthiasgisselbrecht
Mattia Martinelli,,,,_mattitrainer_
Maxime Humily,,,,maxime_hmly
Małgorzata Wyżlic,,,,megg_margaret
Meike Pohl,,,,meikepohl_
Michał Dybowski,,,,dybowski_michal
Michał Fila,,,,kingmagius
Michał Popielarski,,,,rzeznik_sw
Mikołaj Dyjach,,,,jalokkim
Mikołaj Płonka,,,,mikolaj_plonka
Mona Shafiei,,,,mona_lifts
Nadine Hettinga,,,,nadinehettinga_
Olivier N'Guessan,,,,coach_mvegeta
Oskar Karczmarczyk,,,,oskar_limitbreaker
Pablo Reveriego Sansón,,,,pabloreveriego
Pascal Klinkowski,,,,coach_klinko
Pascal Prinzivalli,,,,pascalprinzivalli
Patrycja Szurawska,,,,pat_szu
Patryk Wygadańczuk,,,,pinokio_sw
Paul Mérat,,,,law_strength
Pauline Robert,,,,rbt_pau
Paweł Grzeluk,,,,termintantor
Pere Coll i Fernandez,,,,perecollfdz
Peter Tolstrup,,,,petertolstrup
Piotr Mikołajczak,,,,fronti_workout
Przemysław Sarnacki,,,,bboy_przemko
Radion Bilozor,,,,radion_nikolaevich
Radosław Gołek,,,,radoslaw_raw
Raul Teslevici,,,,everydaytraining_
Robin Dolinar,,,,roby_dln
Salih Yolartiran,,,,salihyoll
Samuel Berliński,,,,sb20_sami
Sarah Anyamele,,,,chimdi_____
Sebastian Osiński,,,,osa.workout.pl
Sebastian Stepnowski,,,,sebiisw
Sinh Huynh,,,,shao.cb
Sofia Cerdan Bes,,,,sofiicerdan
Szymon Tarantowicz,,,,szymonczes
Taru Riipinen,,,,taru.riipinen
Thavisay Chanthaboun,,,,thvy_c
Théo Goutte-Toquet,,,,theo.gtsl
Théodore Thézenas,,,,theo.thzns
Timo Wunnenberg,,,,timo_wnbg
Tom Berthier,,,,berthier_tom
Tonio Zeidler,,,,tonio.zed
Tony D'Agostino,,,,_dagostino_tony
Valerio Naldi,,,,valerio.naldi
Valerio Tabarin,,,,valeriotabarin
Victor Lafoucrière,,,,victorscarlatti
Walid Boulaghzalate,,,,arrow46_sw
Waris Radji,,,,riiswa
Weronika Kubiesa,,,,kubieska_
Xavier Enrique Macias Montano,,,,xav.macias
Yohann Capdeville,,,,prz_yohann
Youssef Bouida,,,,ashura_workout
Łucja Szaniawska,,,,lucja.sh
Łukasz Langner,,,,lukasz_langner.sl
Łukasz Milczuk,,,,fitznachor
Łukasz Rzeźnik,,,,lukasz.rzeznik02
