Sex,FirstName,LastName,Disambiguation,Country,BodyweightKg,ReportedRis,TotalKg,Status,StatusReason,MuscleUp1Kg,MuscleUp2Kg,MuscleUp3Kg,BestMuscleUpKg,PullUp1Kg,PullUp2Kg,PullUp3Kg,BestPullUpKg,Dips1Kg,Dips2Kg,Dips3Kg,BestDipsKg,Squat1Kg,Squat2Kg,Squat3Kg,BestSquatKg
M,Kacper,Bartczak,,PL,,,,disqualified,All three pull-up attempts failed,,,,,55x,55x,55x,,,,,,,,,
M,Dawid,Bieniek,,PL,,,60,competed,,,,,,55,60,,60,,,,,,,,
M,Robert,Brodzik,,PL,,,75,competed,,,,,,60,70,75,75,,,,,,,,
M,Rafał,Chętnik,,PL,,,55,competed,,,,,,45,55,65x,55,,,,,,,,
M,Kacper,Gotowicz,,PL,,,82.5,competed,,,,,,70,77.5,82.5,82.5,,,,,,,,
M,Przemysław,Grużewski,,PL,,,60,competed,,,,,,50,55,60,60,,,,,,,,
M,Dawid,Idzikowski,,PL,,,60,competed,,,,,,60,65x,65x,60,,,,,,,,
M,Dawid,Korcz,,PL,,,77.5,competed,,,,,,73.5,77.5,80x,77.5,,,,,,,,
M,Mirosław,Krukowski,,PL,,,40,competed,,,,,,35,40,45x,40,,,,,,,,
M,Kamil,Małysko,,PL,,,45,competed,,,,,,40,45,50x,45,,,,,,,,
M,Hubert,Piechociński,,PL,,,50,competed,,,,,,50,55x,55x,50,,,,,,,,
M,Jakub,Prokop,,PL,,,45,competed,,,,,,40,45x,45,45,,,,,,,,
M,Paweł,Pędzich,,PL,,,40,competed,,,,,,35,40,45x,40,,,,,,,,
M,Szymon,Tarantowicz,,PL,,,90,competed,,,,,,75,85,90,90,,,,,,,,
M,Łukasz,Tarnowski,,PL,,,62.5,competed,,,,,,50,57.5,62.5,62.5,,,,,,,,
M,Tymek,Wieremiejuk,,PL,,,70,competed,,,,,,60,70,75x,70,,,,,,,,
M,Hubert,Zakrzewski,,PL,,,62.5,competed,,,,,,55,62.5,70x,62.5,,,,,,,,
F,Weronika,Galant,,PL,,,10,competed,,,,,,7.5,10,15x,10,,,,,,,,
F,Iwona,Han,,PL,,,20,competed,,,,,,15,20,23.75x,20,,,,,,,,
F,Kamila,Liauchuk,,PL,,,35,competed,,,,,,30,35,,35,,,,,,,,
F,Ewelina,Zdrojewska,,PL,,,22.5,competed,,,,,,20,22.5,,22.5,,,,,,,,
