Sex,FirstName,LastName,Disambiguation,Country,BodyweightKg,ReportedRis,TotalKg,Status,StatusReason,BodyweightSource,ReportedRisEdition,MuscleUp1Kg,MuscleUp2Kg,MuscleUp3Kg,BestMuscleUpKg,PullUp1Kg,PullUp2Kg,PullUp3Kg,BestPullUpKg,Dips1Kg,Dips2Kg,Dips3Kg,BestDipsKg,Squat1Kg,Squat2Kg,Squat3Kg,BestSquatKg
M,Jakub,Antonín,,CZ,83.86,73.02,375,competed,,recovered,2026,0,10,15x,10,50,62.5,70x,62.5,80,92.5x,100,100,180,202.5,215x,202.5
M,Richard,Benešl,,CZ,80.11,82.71,412.5,competed,,recovered,2026,5,10,16.25x,10,55,62.5,67.5x,62.5,105,113.75,120,120,200,212.5,220,220
M,Adam,Brestovanský,,SK,86.51,58.41,305,competed,,recovered,2026,0,2.5x,2.5x,0,50x,50,60x,50,65x,65,75,75,150,165,180,180
M,Daniel,Burchala,,PL,80.89,81.66,410,competed,,recovered,2026,20,25,30x,25,80,85,90x,85,120,130x,130x,120,170,180,185x,180
M,Adam,Devera,,CZ,82.37,73.07,371.25,competed,,recovered,2026,15,17.5x,17.5,17.5,65,70,75,75,110,115,121.25,121.25,145,152.5x,157.5,157.5
M,Adrián,Domonkos,,SK,80.82,75.73,380,competed,,recovered,2026,22.5x,22.5,30,30,75,85,90,90,110,120,130x,120,140,155x,160x,140
M,Jan,Gabryš,,CZ,76.34,70.71,340,competed,,recovered,2026,0x,0,5x,0,55,60,62.5x,60,95,105,111.25x,105,175,180x,185x,175
M,Łukasz,Golis-Gorący,,PL,79.21,80.85,400,competed,,recovered,2026,5,10,15,15,60,65,70,70,110,115,120,120,170,185,195,195
M,Adam,Hudeček,,CZ,76.92,73.9,357.5,competed,,recovered,2026,20,25,31.25x,25,65,72.5,80x,72.5,90,100,110x,100,150,160,170x,160
M,Šimon,Jakubu,,,65.42,75.49,317.5,competed,,recovered,2026,10,15,20x,15,50,55,57.5,57.5,90,100x,100x,90,130,145,155,155
M,Dan,Juřík,,CZ,87.74,69.44,365,competed,,recovered,2026,0,5x,5,5,45,50,55x,50,100,110,115x,110,190,200x,200,200
M,Norbert,Konárik,,SK,81.45,61.21,308.75,competed,,recovered,2026,0,1.25,2.5x,1.25,35,45,50x,45,75,85,90,90,160,172.5,180x,172.5
M,Radim,Kozel,,CZ,85.1,73.39,380,competed,,recovered,2026,0x,0,0x,0,55,60x,60x,55,105,115,120x,115,180,200,210,210
M,Benjamin,Machala,,,91.22,99.74,532.5,competed,,recovered,2026,0,2.5,5x,2.5,40,60x,60,60,160,180,190,190,250,280x,280,280
M,Davide,Molinaro,,CZ,86.35,80.27,418.75,competed,,recovered,2026,17.5,22.5,26.25,26.25,70,75,77.5x,75,97.5x,97.5,105,105,205x,205x,212.5,212.5
M,Matyáš,Nejedlý,,CZ,,69.57,,disqualified,Bombed muscle-ups,,,20x,20x,20x,,80,100x,100x,80,110x,115x,115,115,140,160,170,170
M,Jan,Paul,,CZ,82.05,82.87,420,competed,,recovered,2026,30,35,40x,35,75,80,85x,80,130,135x,140,140,160,165,170x,165
M,Anh Tu,Pham,,CZ,76.09,91.75,440,competed,,recovered,2026,25,30,35x,30,72.5,80,85x,80,117.5,125,130,130,190,200,205x,200
M,Tomáš,Polák,,CZ,,30.14,,disqualified,Bombed muscle-ups,,,2.5x,2.5x,2.5x,,45,50,55,55,80,90x,90x,80,,,,
M,Peter,Pribula,,SK,71.93,86.98,397.5,competed,,recovered,2026,20,30,35x,30,70,80,90x,80,110x,110,125,125,162.5,170x,170x,162.5
M,Tomáš,Roháček,,CZ,85.09,65.67,340,competed,,recovered,2026,15x,15,17.5x,15,65x,70,72.5x,70,90,95,100,100,155x,155,160x,155
M,Łukasz,Rozmysłowicz,,,65.42,60.33,253.75,competed,,recovered,2026,0,25x,27.5x,0,60,70x,75x,60,90x,90,91.25,91.25,90,100,102.5,102.5
M,Mateusz,Stachowski,,PL,,0,,no_show,,,,,,,,,,,,,,,,,,,
M,Timo,Taymour el Desouky,,EG,70.31,89.31,400,competed,,recovered,2026,15,20,30x,20,65,70x,70x,65,115x,115,127.5x,115,190,200,207.5x,200
M,Samuel,Vavrík,,SK,70.21,84.95,380,competed,,recovered,2026,15x,20x,20,20,65,72.5x,72.5x,65,120,127.5,132.5x,127.5,150,160,167.5,167.5
M,Lukáš,Volf,,CZ,80.97,68.17,342.5,competed,,recovered,2026,15x,15,20x,15,55,62.5,65x,62.5,95,102.5x,102.5x,95,170,190x,190x,170
M,Tomáš,Vávra,,CZ,70.7,68.88,310,competed,,recovered,2026,0,5x,5,5,40x,45,50,50,100x,100,110x,100,140,155x,155,155
M,Tomáš,Výboh,,SK,,53.34,,disqualified,Bombed squats,,,20x,25,30x,25,80,90,100x,90,120x,130,135x,130,180x,180x,180x,
M,Dávid,Weinhardt,,HU,84.93,76.37,395,competed,,recovered,2026,0,5,7.5,7.5,50,60,67.5x,60,105x,115x,115,115,190,207.5,212.5,212.5
M,Ondřej,Zelený,,CZ,,47.32,,disqualified,Bombed squats,,,10,15,20,20,70,75,80x,75,110,120x,120,120,205x,205x,205x,
M,Marek,Zálešák,,CZ,85.94,79.26,412.5,competed,,recovered,2026,17.5,25,30,30,70,82.5,90x,82.5,85,95,107.5x,95,185,205,210x,205
M,Boris,Čenger,,CZ,67.52,74.06,320,competed,,recovered,2026,10,15,20,20,50,60,70x,60,95x,100,110x,100,120,130,140,140
M,František,Šašek,,CZ,78.2,80.87,396.25,competed,,recovered,2026,10,20,25x,20,65,71.25,76.25,76.25,105x,105,120x,105,185,195,210x,195
M,Nikolas,Štýbnar,,CZ,80.4,75.5,377.5,competed,,recovered,2026,10,15,20x,15,57.5,62.5x,67.5x,57.5,85,95,105,105,180,190,200,200
F,Krisztina,Kos,,HU,,67.93,,disqualified,Bombed muscle-ups,,,0x,0x,0x,,20,22.5,25x,22.5,37.5,42.5x,42.5x,37.5,92.5,97.5,102.5,102.5
F,Miroslava,Liptáková,,SK,51.8,98.52,237.5,competed,,recovered,2026,0,6.25,10,10,22.5,32.5,37.5,37.5,42.5,47.5,52.5,52.5,120,130,137.5,137.5
F,Zuzana,Polakova,,CZ,51.41,70.23,167.5,competed,,recovered,2026,0x,0,1.25x,0,8.75,17.5,25x,17.5,17.5,32.5,40,40,80,110,120x,110
F,Kateřina,Procházková,,CZ,51.27,105.23,250,competed,,recovered,2026,0x,0,2.5,2.5,30,36.25,40,40,35,42.5,50x,42.5,165,172.5x,172.5x,165
