Division,Sex,FirstName,LastName,Disambiguation,Country,BodyweightKg,ReportedRis,TotalKg,Status,StatusReason,MuscleUp1Kg,MuscleUp2Kg,MuscleUp3Kg,BestMuscleUpKg,PullUp1Kg,PullUp2Kg,PullUp3Kg,BestPullUpKg,Dips1Kg,Dips2Kg,Dips3Kg,BestDipsKg,Squat1Kg,Squat2Kg,Squat3Kg,BestSquatKg
Juniorzy,M,Michał,Adamski,,PL,74.3,,60,competed,,,,,,,,,60,,,,,,,,
Juniorzy,M,Bartłomiej,Bugiera,,PL,86.9,,52.5,competed,,,,,,,,,52.5,,,,,,,,
Juniorzy,M,Aleksander,Czaplewski,,PL,93.3,,40,competed,,,,,,,,,40,,,,,,,,
Juniorzy,M,Maciej,Jagoda,,PL,72.5,,62.5,competed,,,,,,,,,62.5,,,,,,,,
Juniorzy,M,Aleksander,Kapler,,PL,67.4,,60,competed,,,,,,,,,60,,,,,,,,
Juniorzy,M,Jakub,Maciejewski,,PL,59.1,,22.5,competed,,,,,,,,,22.5,,,,,,,,
Juniorzy,M,Anton,Sheherbak,,PL,68,,40,competed,,,,,,,,,40,,,,,,,,
Masters,M,Radosław,Bednarz,,PL,78.6,,42.5,competed,,,,,,,,,42.5,,,,,,,,
Masters,M,Tomasz,Duda,,PL,80.4,,62.5,competed,,,,,,,,,62.5,,,,,,,,
Masters,M,Janek,Grzybowski,,PL,80.3,,50.5,competed,,,,,,,,,50.5,,,,,,,,
Masters,M,Artur,Górecki,,PL,81.4,,77.5,competed,,,,,,,,,77.5,,,,,,,,
Masters,M,Paweł,Koch,,PL,70.8,,85,competed,,,,,,,,,85,,,,,,,,
Masters,M,Radosław,Makuch,,PL,81.5,,58.5,competed,,,,,,,,,58.5,,,,,,,,
Masters,M,Robert,Plutowski,,PL,81.6,,85,competed,,,,,,,,,85,,,,,,,,
Masters,M,Paweł,Selerski,,PL,69.4,,,no_show,,,,,,,,,,,,,,,,,
Masters,M,Ragnar,Urmanowski,,PL,69.6,,52.5,competed,,,,,,,,,52.5,,,,,,,,
Open,M,Jakub,Adamus,,PL,90.9,,32.5,competed,,,,,,,,,32.5,,,,,,,,
Open,M,Jan,Bajszczak,,PL,64.6,,71.25,competed,,,,,,,,,71.25,,,,,,,,
Open,M,Krzysztof,Bukojewski,,PL,82,,90,competed,,,,,,,,,90,,,,,,,,
Open,M,Andrii,Burchenko,,PL,68.8,,82.5,competed,,,,,,,,,82.5,,,,,,,,
Open,M,Hubert,Bąkowski,,PL,92.1,,65,competed,,,,,,,,,65,,,,,,,,
Open,M,Jakub,Czarniak,,PL,100.8,,,no_show,,,,,,,,,,,,,,,,,
Open,M,Mateusz,Dróżdż,,PL,78.3,,76.25,competed,,,,,,,,,76.25,,,,,,,,
Open,M,Michał,Dybowski,,PL,92.7,,100,competed,,,,,,,,,100,,,,,,,,
Open,M,Krzysztof,Flaga,,PL,84.9,,50,competed,,,,,,,,,50,,,,,,,,
Open,M,Michał,Ginszt,,PL,82.7,,82.5,competed,,,,,,,,,82.5,,,,,,,,
Open,M,Artur,Górecki,,PL,91.4,,75,competed,,,,,,,,,75,,,,,,,,
Open,M,Dawid,Kandewski,,PL,86.1,,50,competed,,,,,,,,,50,,,,,,,,
Open,M,Przemysław,Kasprzak,,PL,83.4,,72.5,competed,,,,,,,,,72.5,,,,,,,,
Open,M,Mateusz,Kowalczyk,,PL,96.1,,80,competed,,,,,,,,,80,,,,,,,,
Open,M,Michał,Krysiak,,PL,83.4,,,no_show,,,,,,,,,,,,,,,,,
Open,M,Marcin,Maciak,,PL,72.6,,50,competed,,,,,,,,,50,,,,,,,,
Open,M,Andrii,Mashentsev,,PL,79.5,,70,competed,,,,,,,,,70,,,,,,,,
Open,M,Damian,Matulka,,PL,78.6,,72.5,competed,,,,,,,,,72.5,,,,,,,,
Open,M,Ilia,Mavlanov,,PL,86.7,,77.5,competed,,,,,,,,,77.5,,,,,,,,
Open,M,Przemysław,Mitera,,PL,75.1,,57.5,competed,,,,,,,,,57.5,,,,,,,,
Open,M,Bartosz,Napierała,,PL,82.3,,90,competed,,,,,,,,,90,,,,,,,,
Open,M,Błażej,Nowak,,PL,70.4,,85,competed,,,,,,,,,85,,,,,,,,
Open,M,Maciej,Pikała,,PL,67.7,,50,competed,,,,,,,,,50,,,,,,,,
Open,M,Wojciech,Poderawski,,PL,96.7,,,no_show,,,,,,,,,,,,,,,,,
Open,M,Dawid,Płonka,,PL,79.4,,70,competed,,,,,,,,,70,,,,,,,,
Open,M,Arkadiusz,Rakowski,,PL,67.9,,55,competed,,,,,,,,,55,,,,,,,,
Open,M,Mateusz,Sikora,,PL,111.8,,60,competed,,,,,,,,,60,,,,,,,,
Open,M,Mateusz,Stachowski,,PL,90.2,,75,competed,,,,,,,,,75,,,,,,,,
Open,M,Maciej,Stenke,,PL,81.7,,65,competed,,,,,,,,,65,,,,,,,,
Open,M,Norbert,Wawrzyniecki,,PL,84.5,,75,competed,,,,,,,,,75,,,,,,,,
Open,M,Patryk,Wiśniewski,,PL,80.6,,45,competed,,,,,,,,,45,,,,,,,,
Open,M,Stanisław,Wójcik,,PL,72.8,,65,competed,,,,,,,,,65,,,,,,,,
Open,M,Roman,Zarichanskyi,,PL,75,,72.5,competed,,,,,,,,,72.5,,,,,,,,
Open,M,Aleksander,Zarypar,,PL,91,,45,competed,,,,,,,,,45,,,,,,,,
Open,M,Dawid,Zwolak,,PL,84.9,,75,competed,,,,,,,,,75,,,,,,,,
Open,F,Angelica,Alfano,,CR,54.6,,37.5,competed,,,,,,,,,37.5,,,,,,,,
Open,F,Pola,Fryszkowska,,PL,50.7,,21.25,competed,,,,,,,,,21.25,,,,,,,,
Open,F,Julia,Gejdel,,PL,64.7,,42.5,competed,,,,,,,,,42.5,,,,,,,,
Open,F,Julia,Karpiel,,PL,62.6,,20,competed,,,,,,,,,20,,,,,,,,
Open,F,Małgorzata,Luckner,,PL,64.5,,37.5,competed,,,,,,,,,37.5,,,,,,,,
Open,F,Natalia,Zanfirowa,,PL,68.7,,32.5,competed,,,,,,,,,32.5,,,,,,,,
