Division,Sex,WeightClassKg,FirstName,LastName,Disambiguation,Country,BodyweightKg,ReportedRis,TotalKg,Status,StatusReason,MuscleUp1Kg,MuscleUp2Kg,MuscleUp3Kg,BestMuscleUpKg,PullUp1Kg,PullUp2Kg,PullUp3Kg,BestPullUpKg,Dips1Kg,Dips2Kg,Dips3Kg,BestDipsKg,Squat1Kg,Squat2Kg,Squat3Kg,BestSquatKg
,F,60+,Kamila,Kubik,,PL,,,42.5,competed,,,,,,,,,42.5,,,,,,,,
,F,60+,Małgorzata,Luckner,,PL,,,40,competed,,,,,,,,,40,,,,,,,,
,F,60+,Gosia,Wyżlic,,PL,,,35,competed,,,,,,,,,35,,,,,,,,
,F,60+,Sylwia,Musik,,PL,,,27.5,competed,,,,,,,,,27.5,,,,,,,,
,F,60+,Paulina,Okrzeja,,PL,,,27.5,competed,,,,,,,,,27.5,,,,,,,,
,F,60+,Jagoda,Pawlik,,PL,,,20,competed,,,,,,,,,20,,,,,,,,
,F,60+,Justyna,Sinica,,PL,,,12.5,competed,,,,,,,,,12.5,,,,,,,,
,F,60+,Soraia,Mineiro,,PL,,,0,competed,,,,,,,,,0,,,,,,,,
,F,60,Katarzyna,Najman,,PL,,,57.5,competed,,,,,,,,,57.5,,,,,,,,
,F,60,Klaudia,Mączewska,,PL,,,32.5,competed,,,,,,,,,32.5,,,,,,,,
,F,60,Michalina,Chwalisz,,PL,,,10,competed,,,,,,,,,10,,,,,,,,
,M,85+,Przemysław,Piasecki,,PL,,,95,competed,,,,,,,,,95,,,,,,,,
,M,85+,Daniel,Węgrowski,,PL,,,80,competed,,,,,,,,,80,,,,,,,,
,M,85+,Robert,Plutowski,,PL,,,80,competed,,,,,,,,,80,,,,,,,,
,M,85+,Krzysztof,Bajera,,PL,,,65,competed,,,,,,,,,65,,,,,,,,
,M,85+,Michał,Kmieć,,PL,,,60,competed,,,,,,,,,60,,,,,,,,
,M,85,Dawid,Adamczak,,PL,,,100,competed,,,,,,,,,100,,,,,,,,
,M,85,Stanisław,Januszewski,,PL,,,85,competed,,,,,,,,,85,,,,,,,,
,M,85,Artur,Filipczyński,,PL,,,70,competed,,,,,,,,,70,,,,,,,,
,M,85,Adrian,Piórczyk,,PL,,,65,competed,,,,,,,,,65,,,,,,,,
,M,85,Tomasz,Piejak,,PL,,,50,competed,,,,,,,,,50,,,,,,,,
,M,85,Michał,Skipietrow,,PL,,,40,competed,,,,,,,,,40,,,,,,,,
,M,85,Bartłomiej,Mazurek,,PL,,,35,competed,,,,,,,,,35,,,,,,,,
,M,85,Kamil,Tomaszewski,,PL,,,30,competed,,,,,,,,,30,,,,,,,,
,M,72.5,Michał,Fila,,PL,,,87.5,competed,,,,,,,,,87.5,,,,,,,,
,M,72.5,Paweł,Młynarz,,PL,,,60,competed,,,,,,,,,60,,,,,,,,
,M,72.5,Paweł,Selerski,,PL,,,60,competed,,,,,,,,,60,,,,,,,,
,M,72.5,Mateusz,Rychłowski,,PL,,,60,competed,,,,,,,,,60,,,,,,,,
,M,72.5,Michał,Bugaj,,PL,,,45,competed,,,,,,,,,45,,,,,,,,
