Division,Sex,WeightClassKg,FirstName,LastName,Disambiguation,Country,BodyweightKg,ReportedRis,TotalKg,Status,StatusReason,MuscleUp1Kg,MuscleUp2Kg,MuscleUp3Kg,BestMuscleUpKg,PullUp1Kg,PullUp2Kg,PullUp3Kg,BestPullUpKg,Dips1Kg,Dips2Kg,Dips3Kg,BestDipsKg,Squat1Kg,Squat2Kg,Squat3Kg,BestSquatKg
Beginner,M,,Arkadiusz,Brych,,PL,,,47.5,competed,,,,,,,,,47.5,,,,,,,,
Beginner,M,,Jan,Bączek,,PL,,,60,competed,,,,,,,,,60,,,,,,,,
Beginner,M,,Hubert,Dzikowski,,PL,,,50,competed,,,,,,,,,50,,,,,,,,
Beginner,M,,Adrian,Długokęcki,,PL,,,52.5,competed,,,,,,,,,52.5,,,,,,,,
Beginner,M,,Tomasz,Gasik,,PL,,,50,competed,,,,,,,,,50,,,,,,,,
Beginner,M,,Maciej,Hutkiewicz,,PL,,,52.5,competed,,,,,,,,,52.5,,,,,,,,
Beginner,M,,Michał,Kiriczenko,,PL,,,25,competed,,,,,,,,,25,,,,,,,,
Beginner,M,,Radosław,Kopka,,PL,,,60,competed,,,,,,,,,60,,,,,,,,
Beginner,M,,Krzysztof,Lewko,,PL,,,55,competed,,,,,,,,,55,,,,,,,,
Beginner,M,,Radosław,Makuch,,PL,,,55,competed,,,,,,,,,55,,,,,,,,
Beginner,M,,Adam,Malinowski,,PL,,,25,competed,,,,,,,,,25,,,,,,,,
Beginner,M,,Maciej,Miłaszewicz,,PL,,,52.5,competed,,,,,,,,,52.5,,,,,,,,
Beginner,M,,Paweł,Pędzich,,PL,,,40,competed,,,,,,,,,40,,,,,,,,
Beginner,M,,Michał,Stegenka,,PL,,,60,competed,,,,,,,,,60,,,,,,,,
Beginner,M,,Krystian,Zdrojewski,,PL,,,52.5,competed,,,,,,,,,52.5,,,,,,,,
Beginner,F,,Alicja,Dołkin-Lewko,,PL,,,12.5,competed,,,,,,,,,12.5,,,,,,,,
Beginner,F,,Marta,Orczyk,,PL,,,27.5,competed,,,,,,,,,27.5,,,,,,,,
Beginner,F,,Agata,Zyśk,,PL,,,20,competed,,,,,,,,,20,,,,,,,,
Open,M,72.5,Michał,Fila,,PL,,,95,competed,,,,,,,,,95,,,,,,,,
Open,M,72.5,Vania,Kohut,,PL,,,75,competed,,,,,,,,,75,,,,,,,,
Open,M,72.5,Mateusz,Koślak,,PL,,,90,competed,,,,,,,,,90,,,,,,,,
Open,M,72.5,Kajetan,Nosko,,PL,,,65,competed,,,,,,,,,65,,,,,,,,
Open,M,72.5,Paweł,Selerski,,PL,,,60,competed,,,,,,,,,60,,,,,,,,
Open,M,72.5,Krzysztof,Sobolewski,,PL,,,102.5,competed,,,,,,,,,102.5,,,,,,,,
Open,M,85,Robert,Brodzik,,PL,,,77.5,competed,,,,,,,,,77.5,,,,,,,,
Open,M,85,Mateusz,Brzostek,,PL,,,82.5,competed,,,,,,,,,82.5,,,,,,,,
Open,M,85,Mateusz,Dumiec,,PL,,,90,competed,,,,,,,,,90,,,,,,,,
Open,M,85,Kamil,Krawczyk,,PL,,,65,competed,,,,,,,,,65,,,,,,,,
Open,M,85,Bartosz,Napierała,,PL,,,92.5,competed,,,,,,,,,92.5,,,,,,,,
Open,M,85,Karol,Siemieniuk,,PL,,,77.5,competed,,,,,,,,,77.5,,,,,,,,
Open,M,85,Łukasz,Urmanowski,,PL,,,62.5,competed,,,,,,,,,62.5,,,,,,,,
Open,M,85,Patryk,Wygadańczuk,,PL,,,87.5,competed,,,,,,,,,87.5,,,,,,,,
Open,M,85+,Krzysztof,Bajera,,PL,,,65,competed,,,,,,,,,65,,,,,,,,
Open,M,85+,Mateusz,Kowalczyk,,PL,,,80,competed,,,,,,,,,80,,,,,,,,
Open,M,85+,Łukasz,Langner,,PL,,,80,competed,,,,,,,,,80,,,,,,,,
Open,M,85+,Jakub,Racewicz,,PL,,,90,competed,,,,,,,,,90,,,,,,,,
Open,M,85+,Przemysław,Sarnacki,,PL,,,95,competed,,,,,,,,,95,,,,,,,,
Open,M,85+,Sebastian,Stepnowski,,PL,,,70,competed,,,,,,,,,70,,,,,,,,
Open,M,85+,Sebastian,Wiliński,,PL,,,107.5,competed,,,,,,,,,107.5,,,,,,,,
Open,F,,Małgorzata,Luckner,,PL,,,50,competed,,,,,,,,,50,,,,,,,,
Open,F,,Katarzyna,Najman,,PL,,,57.5,competed,,,,,,,,,57.5,,,,,,,,
Open,F,,Magda,Stefaniak,,PL,,,25,competed,,,,,,,,,25,,,,,,,,
