Division,Sex,FirstName,LastName,Disambiguation,Country,BodyweightKg,ReportedRis,TotalKg,Status,StatusReason,MuscleUp1Kg,MuscleUp2Kg,MuscleUp3Kg,BestMuscleUpKg,PullUp1Kg,PullUp2Kg,PullUp3Kg,BestPullUpKg,Dips1Kg,Dips2Kg,Dips3Kg,BestDipsKg,Squat1Kg,Squat2Kg,Squat3Kg,BestSquatKg
,M,Łukasz,Milczuk,,PL,,,92.5,competed,,,,,,,,,92.5,,,,,,,,
,M,Robert,Plutowski,,PL,,,85,competed,,,,,,,,,85,,,,,,,,
,M,Mateusz,Hałuszko,,PL,,,85,competed,,,,,,,,,85,,,,,,,,
,M,Paweł,Koch,,PL,,,80,competed,,,,,,,,,80,,,,,,,,
,M,Adam,Kowalski,,PL,,,80,competed,,,,,,,,,80,,,,,,,,
,M,Piotr,Ławrymowicz,,PL,,,70,competed,,,,,,,,,70,,,,,,,,
,M,Mateusz,Grzeszczak,,PL,,,60,competed,,,,,,,,,60,,,,,,,,
,M,Rafał,Pawlikowski,,PL,,,60,competed,,,,,,,,,60,,,,,,,,
,M,Sebastian,Soćko,,PL,,,60,competed,,,,,,,,,60,,,,,,,,
,M,Kacper,Jach,,PL,,,55,competed,,,,,,,,,55,,,,,,,,
,M,Alex,Ammosow,,PL,,,55,competed,,,,,,,,,55,,,,,,,,
,M,Paweł,Selerski,,PL,,,50,competed,,,,,,,,,50,,,,,,,,
,M,Filip,Żak,,PL,,,50,competed,,,,,,,,,50,,,,,,,,
,M,Łukasz,Wrzodak,,PL,,,45,competed,,,,,,,,,45,,,,,,,,
,M,Mariusz,Oko,,PL,,,45,competed,,,,,,,,,45,,,,,,,,
,M,Bartosz,Okraska,,PL,,,40,competed,,,,,,,,,40,,,,,,,,
,M,Damian,Jackowski,,PL,,,40,competed,,,,,,,,,40,,,,,,,,
,F,Dagmara,Plutowska,,PL,,,15,competed,,,,,,,,,15,,,,,,,,
