Sex,WeightClassKg,FirstName,LastName,Disambiguation,Country,BodyweightKg,ReportedRis,TotalKg,Status,StatusReason,MuscleUp1Kg,MuscleUp2Kg,MuscleUp3Kg,BestMuscleUpKg,PullUp1Kg,PullUp2Kg,PullUp3Kg,BestPullUpKg,Dips1Kg,Dips2Kg,Dips3Kg,BestDipsKg,Squat1Kg,Squat2Kg,Squat3Kg,BestSquatKg
M,70,Hubert,Chwałek,,PL,,,358,competed,,25,27.5,28.5,28.5,72.5,77.5,80x,77.5,110,115x,115x,110,138,142,152x,142
M,70,Mateusz,Koślak,,PL,,,405,competed,,25x,27.5,31.5x,27.5,85,92.5,,92.5,115,125,130x,125,150,160,165x,160
M,70,Bartłomiej,Krzemiński,,PL,,,358,competed,,15x,17.5,20.5x,17.5,65,70.5x,70.5x,65,115,120.5,122.5x,120.5,145,151,155,155
M,70,Dawid,Subda,,PL,,,270,competed,,10,15,20x,15,65,70,72.5x,70,80x,85,92.5x,85,90,100,,100
M,70,Daniel,Szysz,,PL,,,355.5,competed,,32.5,35,37.5,37.5,77.5,80,82,82,105,111,115.5x,111,125x,125,131x,125
M,70,Hubert,Zakrzewski,,PL,,,270,competed,,15,20,22.5x,20,55,62.5x,62.5x,55,70,75,,75,110,120,130x,120
M,77.5,Ilia,Mavlanov,,PL,,,340.5,competed,,22.5x,22.5,27.5x,22.5,77.5,83,87x,83,85,95,100x,95,130,140,150x,140
M,77.5,Bartosz,Napierała,,PL,,,372.5,competed,,17.5x,17.5,23x,17.5,85,90,,90,100,105,,105,150,160,,160
M,77.5,Mateusz,Zabost,,PL,,,417.5,competed,,25,27.5,30x,27.5,75,77.5x,,75,130,135,,135,170,180,192.5x,180
M,85,Samuel,Berliński,,PL,,,,disqualified,All three dip attempts failed,20x,20,25.5x,20,80,82.5x,82.5x,80,110x,110x,110x,,135x,145,150x,145
M,85,Jakub,Chlipała,,PL,,,400,competed,,30x,35,37.5x,35,75,83,86x,83,110,121,125.5x,121,150,161,178x,161
M,85,Michał,Dybowski,,PL,,,430,competed,,30,35x,35x,30,80,90,95,95,110,115,120,120,170,180x,185,185
M,85,Łukasz,Langner,,PL,,,392,competed,,25,30x,30x,25,75,80,81.5x,80,107.5,115,118x,115,167,172,181x,172
M,85,Karol,Siemieniuk,,PL,,,400.5,competed,,27.5,33,35.5,35.5,82.5,87.5,90.5,90.5,105,112.5,115.5x,112.5,150,162,168x,162
M,85,Sebastian,Stepnowski,,PL,,,,disqualified,All three dip attempts failed,20,25,30,30,70,75,80x,75,120x,125x,125x,,160,180,201,201
M,85,Patryk,Wygadańczuk,,PL,,,402.5,competed,,25,30.5,35.5x,30.5,80,85.5,88x,85.5,110,120.5,125.5x,120.5,160,166,168x,166
M,92.5,Mikołaj,Dyjach,,PL,,,340,competed,,10x,10,15x,10,55,60,65x,60,105x,110,115x,110,140,150,160,160
M,92.5,Łukasz,Milczuk,,PL,,,425,competed,,30,35,,35,85,90,,90,120,135,,135,165,175x,,165
M,92.5,Mikołaj,Płonka,,PL,,,322.5,competed,,15,20,22.5,22.5,60,65,70x,65,95,100,105x,100,135x,135,145x,135
M,92.5,Konrad,Trzeszczkowski,,PL,,,390,competed,,12.5x,15,20x,15,75,80x,80x,75,95,105,110x,105,175,185,195,195
M,92.5+,Jan,Bałut,,PL,,,405,competed,,15,20,25,25,70,75,77.5x,75,110,115,120x,115,170,180,190,190
M,92.5+,Jakub,Racewicz,,PL,,,430,competed,,15,20x,20,20,85,90,,90,115,120,125x,120,170,190,200,200
M,92.5+,Przemysław,Sarnacki,,PL,,,337.5,competed,,5,12.5,17.5,17.5,75,82.5,85,85,95x,95,105x,95,140,,,140
F,62.5,Anna,Malinowska,,PL,,,185,competed,,10,15,20x,15,30,40x,40x,30,40,45x,45x,40,90,95,100,100
F,62.5,Katarzyna,Najman,,PL,60.3,,200.5,competed,,2.5,5,7.5,7.5,40,45,50,50,40,50,52.5x,50,85,93,100x,93
F,62.5,Anna,Zięba,,PL,58.1,,145.5,competed,,7.5,10.5,12,12,24,27.5,28.5,28.5,32.5,35,40x,35,61,65,70,70
